{
  "timestamp": "2026-01-10T20:29:18.739591",
  "label": "p2048_d1024_t0",
  "config": {
    "host": "127.0.0.1",
    "port": 30080,
    "max_tokens": 256,
    "requests_per_level": 30,
    "prompt_length": 82
  },
  "results": [
    {
      "concurrency": 1,
      "num_requests": 30,
      "successful_requests": 30,
      "failed_requests": 0,
      "total_time_sec": 29.609048473997973,
      "total_tokens": 7680,
      "requests_per_sec": 1.0132037855368892,
      "tokens_per_sec_total": 259.3801690974436,
      "tokens_per_sec_per_request": 259.39868191932607,
      "latency_min": 985.5596350098494,
      "latency_p50": 986.6131030066754,
      "latency_p95": 987.5738058006391,
      "latency_p99": 993.6357136332663,
      "latency_max": 996.073382004397,
      "latency_avg": 986.90095533287,
      "ttft_p50": 51.15771645219798,
      "ttft_p95": 51.20753067114425,
      "ttft_avg": 51.17264212837103
    },
    {
      "concurrency": 4,
      "num_requests": 30,
      "successful_requests": 30,
      "failed_requests": 0,
      "total_time_sec": 11.62129914300749,
      "total_tokens": 7680,
      "requests_per_sec": 2.581466979795536,
      "tokens_per_sec_total": 660.8555468276572,
      "tokens_per_sec_per_request": 175.78159769376356,
      "latency_min": 1390.436903006048,
      "latency_p50": 1457.9055565045564,
      "latency_p95": 1483.004849194549,
      "latency_p99": 1483.094857254182,
      "latency_max": 1483.1214229925536,
      "latency_avg": 1456.6232920328428,
      "ttft_p50": 75.59510292986589,
      "ttft_p95": 76.89654773601364,
      "ttft_avg": 75.5286151424437
    },
    {
      "concurrency": 16,
      "num_requests": 30,
      "successful_requests": 30,
      "failed_requests": 0,
      "total_time_sec": 3.033877163004945,
      "total_tokens": 7680,
      "requests_per_sec": 9.888337064473003,
      "tokens_per_sec_total": 2531.4142885050887,
      "tokens_per_sec_per_request": 169.53535866406926,
      "latency_min": 1460.075732000405,
      "latency_p50": 1460.909832494508,
      "latency_p95": 1571.9122267000785,
      "latency_p99": 1572.2737460538337,
      "latency_max": 1572.3696070053848,
      "latency_avg": 1512.0098355328082,
      "ttft_p50": 75.75088020341893,
      "ttft_p95": 81.50655990296703,
      "ttft_avg": 78.40050999059005
    },
    {
      "concurrency": 64,
      "num_requests": 30,
      "successful_requests": 30,
      "failed_requests": 0,
      "total_time_sec": 1.7515633500006516,
      "total_tokens": 7680,
      "requests_per_sec": 17.127556362713825,
      "tokens_per_sec_total": 4384.654428854739,
      "tokens_per_sec_per_request": 146.3014081803891,
      "latency_min": 1748.1718820054084,
      "latency_p50": 1749.9623080075253,
      "latency_p95": 1751.1752749014704,
      "latency_p99": 1751.3214415191032,
      "latency_max": 1751.3778499996988,
      "latency_avg": 1749.812829233512,
      "ttft_p50": 90.73878634113095,
      "ttft_p95": 90.80168092081699,
      "ttft_avg": 90.7310355898858
    }
  ]
}