{
  "timestamp": "2026-01-10T20:32:49.945159",
  "label": "p2048_d1024_t8",
  "config": {
    "host": "127.0.0.1",
    "port": 30080,
    "max_tokens": 256,
    "requests_per_level": 30,
    "prompt_length": 82
  },
  "results": [
    {
      "concurrency": 1,
      "num_requests": 30,
      "successful_requests": 30,
      "failed_requests": 0,
      "total_time_sec": 29.573880326002836,
      "total_tokens": 7680,
      "requests_per_sec": 1.0144086494332127,
      "tokens_per_sec_total": 259.68861425490246,
      "tokens_per_sec_per_request": 259.71497864461264,
      "latency_min": 984.878151997691,
      "latency_p50": 985.3376414976083,
      "latency_p95": 986.845337547129,
      "latency_p99": 991.4573952859791,
      "latency_max": 993.3243569976185,
      "latency_avg": 985.6982309322726,
      "ttft_p50": 51.09158141098709,
      "ttft_p95": 51.16975824318446,
      "ttft_avg": 51.110278640932655
    },
    {
      "concurrency": 4,
      "num_requests": 30,
      "successful_requests": 30,
      "failed_requests": 0,
      "total_time_sec": 11.61285884300014,
      "total_tokens": 7680,
      "requests_per_sec": 2.583343206490712,
      "tokens_per_sec_total": 661.3358608616222,
      "tokens_per_sec_per_request": 175.9189197281956,
      "latency_min": 1389.0232819976518,
      "latency_p50": 1456.8052410031669,
      "latency_p95": 1482.1129063937406,
      "latency_p99": 1482.2884357342264,
      "latency_max": 1482.3235819931142,
      "latency_avg": 1455.489332700866,
      "ttft_p50": 75.53804953349754,
      "ttft_p95": 76.8502988500458,
      "ttft_avg": 75.46981725115602
    },
    {
      "concurrency": 16,
      "num_requests": 30,
      "successful_requests": 30,
      "failed_requests": 0,
      "total_time_sec": 2.925805186998332,
      "total_tokens": 7680,
      "requests_per_sec": 10.253587673339887,
      "tokens_per_sec_total": 2624.918444375011,
      "tokens_per_sec_per_request": 176.78022698832643,
      "latency_min": 1361.5688340069028,
      "latency_p50": 1362.4595465007587,
      "latency_p95": 1561.8615259481885,
      "latency_p99": 1562.3743150658265,
      "latency_max": 1562.5608680129517,
      "latency_avg": 1454.8384473343806,
      "ttft_p50": 70.6460505592986,
      "ttft_p95": 80.98541245657275,
      "ttft_avg": 75.43606763956048
    },
    {
      "concurrency": 64,
      "num_requests": 30,
      "successful_requests": 30,
      "failed_requests": 0,
      "total_time_sec": 1.7531538820039714,
      "total_tokens": 7680,
      "requests_per_sec": 17.112017551880847,
      "tokens_per_sec_total": 4380.676493281497,
      "tokens_per_sec_per_request": 146.17919152798171,
      "latency_min": 1749.1386000037892,
      "latency_p50": 1751.9262224959675,
      "latency_p95": 1752.6398513495224,
      "latency_p99": 1752.7943661861354,
      "latency_max": 1752.8246880101506,
      "latency_avg": 1751.2761326002267,
      "ttft_p50": 90.84061894423536,
      "ttft_p95": 90.87762192182709,
      "ttft_avg": 90.80691057927102
    }
  ]
}