{
  "timestamp": "2026-01-10T20:31:06.592971",
  "label": "p2048_d1024_t4",
  "config": {
    "host": "127.0.0.1",
    "port": 30080,
    "max_tokens": 256,
    "requests_per_level": 30,
    "prompt_length": 82
  },
  "results": [
    {
      "concurrency": 1,
      "num_requests": 30,
      "successful_requests": 30,
      "failed_requests": 0,
      "total_time_sec": 29.857480528997257,
      "total_tokens": 7680,
      "requests_per_sec": 1.004773325427252,
      "tokens_per_sec_total": 257.2219713093765,
      "tokens_per_sec_per_request": 257.2439496047777,
      "latency_min": 993.8417999946978,
      "latency_p50": 994.8424294998404,
      "latency_p95": 995.5151876012678,
      "latency_p99": 1004.4309502202668,
      "latency_max": 1008.0426339991391,
      "latency_avg": 995.1701351659722,
      "ttft_p50": 51.5844222703621,
      "ttft_p95": 51.61930602376944,
      "ttft_avg": 51.60141441601337
    },
    {
      "concurrency": 4,
      "num_requests": 30,
      "successful_requests": 30,
      "failed_requests": 0,
      "total_time_sec": 11.728045593001298,
      "total_tokens": 7680,
      "requests_per_sec": 2.5579709562096586,
      "tokens_per_sec_total": 654.8405647896726,
      "tokens_per_sec_per_request": 174.2084006082713,
      "latency_min": 1405.1602649997221,
      "latency_p50": 1469.410957004584,
      "latency_p95": 1504.0341774496483,
      "latency_p99": 1504.157483268791,
      "latency_max": 1504.2031020129798,
      "latency_avg": 1469.8062711337116,
      "ttft_p50": 76.19167925208953,
      "ttft_p95": 77.98695734924101,
      "ttft_avg": 76.212177021748
    },
    {
      "concurrency": 16,
      "num_requests": 30,
      "successful_requests": 30,
      "failed_requests": 0,
      "total_time_sec": 2.980526175990235,
      "total_tokens": 7680,
      "requests_per_sec": 10.06533686624408,
      "tokens_per_sec_total": 2576.7262377584843,
      "tokens_per_sec_per_request": 173.34161524605994,
      "latency_min": 1390.7181690010475,
      "latency_p50": 1392.5037029985106,
      "latency_p95": 1588.6366169914254,
      "latency_p99": 1588.7288971965609,
      "latency_max": 1588.751928997226,
      "latency_avg": 1483.2194557330997,
      "ttft_p50": 72.20389571103388,
      "ttft_p95": 82.3737505106665,
      "ttft_avg": 76.90767548245702
    },
    {
      "concurrency": 64,
      "num_requests": 30,
      "successful_requests": 30,
      "failed_requests": 0,
      "total_time_sec": 1.7770003710029414,
      "total_tokens": 7680,
      "requests_per_sec": 16.88238251918201,
      "tokens_per_sec_total": 4321.889924910594,
      "tokens_per_sec_per_request": 144.180179119504,
      "latency_min": 1774.4034909992479,
      "latency_p50": 1775.7750309974654,
      "latency_p95": 1776.5868213478825,
      "latency_p99": 1776.7227906417975,
      "latency_max": 1776.760341002955,
      "latency_avg": 1775.5564455660835,
      "ttft_p50": 92.0772238294982,
      "ttft_p95": 92.1193166624828,
      "ttft_avg": 92.06588977009322
    }
  ]
}