{
  "timestamp": "2026-01-10T20:50:05.492286",
  "label": "p2048_d2048_t4",
  "config": {
    "host": "127.0.0.1",
    "port": 30080,
    "max_tokens": 256,
    "requests_per_level": 64,
    "prompt_length": 82
  },
  "results": [
    {
      "concurrency": 1,
      "num_requests": 64,
      "successful_requests": 64,
      "failed_requests": 0,
      "total_time_sec": 63.12262605399883,
      "total_tokens": 16384,
      "requests_per_sec": 1.0138995159239828,
      "tokens_per_sec_total": 259.5582760765396,
      "tokens_per_sec_per_request": 259.58083875982595,
      "latency_min": 984.9779479991412,
      "latency_p50": 986.0939774953295,
      "latency_p95": 987.3989266015997,
      "latency_p99": 990.2810807999049,
      "latency_max": 994.320854995749,
      "latency_avg": 986.2068423442452,
      "ttft_p50": 51.130798833091156,
      "ttft_p95": 51.19846286082368,
      "ttft_avg": 51.136651084516416
    },
    {
      "concurrency": 4,
      "num_requests": 64,
      "successful_requests": 64,
      "failed_requests": 0,
      "total_time_sec": 23.309177203002037,
      "total_tokens": 16384,
      "requests_per_sec": 2.745699663382254,
      "tokens_per_sec_total": 702.8991138258571,
      "tokens_per_sec_per_request": 175.74663160559763,
      "latency_min": 1455.022984999232,
      "latency_p50": 1456.8574350050767,
      "latency_p95": 1457.654317550623,
      "latency_p99": 1457.8920432957239,
      "latency_max": 1458.0351729964605,
      "latency_avg": 1456.6429077187877,
      "ttft_p50": 75.54075588915212,
      "ttft_p95": 75.58207572484712,
      "ttft_avg": 75.52963225208529
    },
    {
      "concurrency": 16,
      "num_requests": 64,
      "successful_requests": 64,
      "failed_requests": 0,
      "total_time_sec": 5.517902947001858,
      "total_tokens": 16384,
      "requests_per_sec": 11.59860922069575,
      "tokens_per_sec_total": 2969.243960498112,
      "tokens_per_sec_per_request": 185.8001142335237,
      "latency_min": 1350.3508110006806,
      "latency_p50": 1359.3961920050788,
      "latency_p95": 1446.7333063505066,
      "latency_p99": 1446.9221218751045,
      "latency_max": 1446.926878998056,
      "latency_avg": 1378.9088769526643,
      "ttft_p50": 70.4872099558189,
      "ttft_p95": 75.01580107002626,
      "ttft_avg": 71.49897880495296
    },
    {
      "concurrency": 64,
      "num_requests": 64,
      "successful_requests": 64,
      "failed_requests": 0,
      "total_time_sec": 2.1073178299993742,
      "total_tokens": 16384,
      "requests_per_sec": 30.370359463061632,
      "tokens_per_sec_total": 7774.812022543778,
      "tokens_per_sec_per_request": 128.94743414736774,
      "latency_min": 1910.0645089929458,
      "latency_p50": 1912.634017498931,
      "latency_p95": 2104.1557015407307,
      "latency_p99": 2104.26542846355,
      "latency_max": 2104.3112659972394,
      "latency_avg": 1989.6843628905572,
      "ttft_p50": 99.17361572216679,
      "ttft_p95": 109.10436970951936,
      "ttft_avg": 103.1688188165474
    }
  ]
}