{
  "timestamp": "2026-01-10T20:47:35.803944",
  "label": "p2048_d2048_t0",
  "config": {
    "host": "127.0.0.1",
    "port": 30080,
    "max_tokens": 256,
    "requests_per_level": 64,
    "prompt_length": 82
  },
  "results": [
    {
      "concurrency": 1,
      "num_requests": 64,
      "successful_requests": 64,
      "failed_requests": 0,
      "total_time_sec": 63.23565165301261,
      "total_tokens": 16384,
      "requests_per_sec": 1.0120873008659976,
      "tokens_per_sec_total": 259.0943490216954,
      "tokens_per_sec_per_request": 259.1560987496308,
      "latency_min": 985.3979460021947,
      "latency_p50": 986.3026960010757,
      "latency_p95": 987.4156228921493,
      "latency_p99": 1024.7669481033515,
      "latency_max": 1087.7698020049138,
      "latency_avg": 987.9675028594193,
      "ttft_p50": 51.14162127412985,
      "ttft_p95": 51.19932859440774,
      "ttft_avg": 51.22794459271063
    },
    {
      "concurrency": 4,
      "num_requests": 64,
      "successful_requests": 64,
      "failed_requests": 0,
      "total_time_sec": 23.320426188991405,
      "total_tokens": 16384,
      "requests_per_sec": 2.744375230595559,
      "tokens_per_sec_total": 702.5600590324631,
      "tokens_per_sec_per_request": 175.66132775210923,
      "latency_min": 1455.6188029964687,
      "latency_p50": 1457.3985814931802,
      "latency_p95": 1458.7066520543885,
      "latency_p99": 1458.7959957611747,
      "latency_max": 1458.8033339969115,
      "latency_avg": 1457.350154686992,
      "ttft_p50": 75.56881533668343,
      "ttft_p95": 75.63664121763496,
      "ttft_avg": 75.56630431710329
    },
    {
      "concurrency": 16,
      "num_requests": 64,
      "successful_requests": 64,
      "failed_requests": 0,
      "total_time_sec": 5.426647970991326,
      "total_tokens": 16384,
      "requests_per_sec": 11.79365242450187,
      "tokens_per_sec_total": 3019.1750206724787,
      "tokens_per_sec_per_request": 188.79182168800523,
      "latency_min": 1348.3091910020448,
      "latency_p50": 1355.908763493062,
      "latency_p95": 1362.705667202681,
      "latency_p99": 1362.8944570438762,
      "latency_max": 1363.1847560027381,
      "latency_avg": 1356.0189508282292,
      "ttft_p50": 70.30638032926987,
      "ttft_p95": 70.65881237347234,
      "ttft_avg": 70.31209374664891
    },
    {
      "concurrency": 64,
      "num_requests": 64,
      "successful_requests": 64,
      "failed_requests": 0,
      "total_time_sec": 1.829292490001535,
      "total_tokens": 16384,
      "requests_per_sec": 34.986203873797294,
      "tokens_per_sec_total": 8956.468191692107,
      "tokens_per_sec_per_request": 140.2103884837879,
      "latency_min": 1823.3080630016048,
      "latency_p50": 1825.5350414910936,
      "latency_p95": 1828.472805000638,
      "latency_p99": 1828.9628615276888,
      "latency_max": 1829.0504749893444,
      "latency_avg": 1825.8285752494885,
      "ttft_p50": 94.65737252176041,
      "ttft_p95": 94.80970100003307,
      "ttft_avg": 94.67259279071422
    }
  ]
}