{
  "timestamp": "2026-01-10T20:45:08.435358",
  "label": "p2048_d1024_t16",
  "config": {
    "host": "127.0.0.1",
    "port": 30080,
    "max_tokens": 256,
    "requests_per_level": 64,
    "prompt_length": 82
  },
  "results": [
    {
      "concurrency": 1,
      "num_requests": 64,
      "successful_requests": 64,
      "failed_requests": 0,
      "total_time_sec": 63.20625666700653,
      "total_tokens": 16384,
      "requests_per_sec": 1.0125579867381673,
      "tokens_per_sec_total": 259.21484460497084,
      "tokens_per_sec_per_request": 259.2367609118849,
      "latency_min": 986.4850430021761,
      "latency_p50": 987.4879894996411,
      "latency_p95": 988.1165199476527,
      "latency_p99": 991.0791761407745,
      "latency_max": 995.5174140050076,
      "latency_avg": 987.5154967983235,
      "ttft_p50": 51.20308093701843,
      "ttft_p95": 51.2356714046931,
      "ttft_avg": 51.20450724139455
    },
    {
      "concurrency": 4,
      "num_requests": 64,
      "successful_requests": 64,
      "failed_requests": 0,
      "total_time_sec": 23.338244487007614,
      "total_tokens": 16384,
      "requests_per_sec": 2.7422799532170794,
      "tokens_per_sec_total": 702.0236680235723,
      "tokens_per_sec_per_request": 175.52389228228057,
      "latency_min": 1456.7038850073004,
      "latency_p50": 1458.296718003112,
      "latency_p95": 1459.525080693129,
      "latency_p99": 1460.5829746047675,
      "latency_max": 1460.8185649994994,
      "latency_avg": 1458.4912179373077,
      "ttft_p50": 75.61538537793913,
      "ttft_p95": 75.67907825816224,
      "ttft_avg": 75.62547055971226
    },
    {
      "concurrency": 16,
      "num_requests": 64,
      "successful_requests": 64,
      "failed_requests": 0,
      "total_time_sec": 5.4168060069932835,
      "total_tokens": 16384,
      "requests_per_sec": 11.815080679901365,
      "tokens_per_sec_total": 3024.6606540547496,
      "tokens_per_sec_per_request": 189.1038167917885,
      "latency_min": 1347.6824950048467,
      "latency_p50": 1352.2956335000345,
      "latency_p95": 1362.6601125462912,
      "latency_p99": 1362.7956462038856,
      "latency_max": 1362.83373599872,
      "latency_avg": 1353.774786327449,
      "ttft_p50": 70.11903284814994,
      "ttft_p95": 70.65645028017806,
      "ttft_avg": 70.19572966142327
    },
    {
      "concurrency": 64,
      "num_requests": 64,
      "successful_requests": 64,
      "failed_requests": 0,
      "total_time_sec": 1.8358561200002441,
      "total_tokens": 16384,
      "requests_per_sec": 34.861119726523825,
      "tokens_per_sec_total": 8924.4466499901,
      "tokens_per_sec_per_request": 139.69725067099904,
      "latency_min": 1829.8580139962723,
      "latency_p50": 1832.789434993174,
      "latency_p95": 1834.627101894148,
      "latency_p99": 1834.850076802686,
      "latency_max": 1834.9475459981477,
      "latency_avg": 1832.5353191387421,
      "ttft_p50": 95.03352625890531,
      "ttft_p95": 95.12881269080766,
      "ttft_avg": 95.0203498812681
    }
  ]
}