{
  "timestamp": "2026-01-10T20:52:35.280296",
  "label": "p2048_d2048_t8",
  "config": {
    "host": "127.0.0.1",
    "port": 30080,
    "max_tokens": 256,
    "requests_per_level": 64,
    "prompt_length": 82
  },
  "results": [
    {
      "concurrency": 1,
      "num_requests": 64,
      "successful_requests": 64,
      "failed_requests": 0,
      "total_time_sec": 63.17150565898919,
      "total_tokens": 16384,
      "requests_per_sec": 1.0131150007011573,
      "tokens_per_sec_total": 259.3574401794963,
      "tokens_per_sec_per_request": 259.3788713147155,
      "latency_min": 986.0683160077315,
      "latency_p50": 986.8124869972235,
      "latency_p95": 987.464250150515,
      "latency_p99": 992.7769212040585,
      "latency_max": 994.9722399906022,
      "latency_avg": 986.9747085167546,
      "ttft_p50": 51.16805488133751,
      "ttft_p95": 51.20185000780448,
      "ttft_avg": 51.176466367535426
    },
    {
      "concurrency": 4,
      "num_requests": 64,
      "successful_requests": 64,
      "failed_requests": 0,
      "total_time_sec": 23.32131562300492,
      "total_tokens": 16384,
      "requests_per_sec": 2.7442705649448125,
      "tokens_per_sec_total": 702.533264625872,
      "tokens_per_sec_per_request": 175.65063640255283,
      "latency_min": 1456.3728630018886,
      "latency_p50": 1457.5064544987981,
      "latency_p95": 1458.1267452944303,
      "latency_p99": 1458.508360501437,
      "latency_max": 1459.0018710005097,
      "latency_avg": 1457.438664530855,
      "ttft_p50": 75.57440875178953,
      "ttft_p95": 75.60657197822972,
      "ttft_avg": 75.5708937164147
    },
    {
      "concurrency": 16,
      "num_requests": 64,
      "successful_requests": 64,
      "failed_requests": 0,
      "total_time_sec": 5.513392927998211,
      "total_tokens": 16384,
      "requests_per_sec": 11.608097016810474,
      "tokens_per_sec_total": 2971.6728363034813,
      "tokens_per_sec_per_request": 185.9406081441196,
      "latency_min": 1349.0238500089617,
      "latency_p50": 1355.9900655018282,
      "latency_p95": 1450.924366847903,
      "latency_p99": 1451.129072161566,
      "latency_max": 1451.1996119981632,
      "latency_avg": 1378.0138721408548,
      "ttft_p50": 70.31059598898368,
      "ttft_p95": 75.23311531803942,
      "ttft_avg": 71.45257114804433
    },
    {
      "concurrency": 64,
      "num_requests": 64,
      "successful_requests": 64,
      "failed_requests": 0,
      "total_time_sec": 2.1373325470049167,
      "total_tokens": 16384,
      "requests_per_sec": 29.943866287763395,
      "tokens_per_sec_total": 7665.629769667429,
      "tokens_per_sec_per_request": 128.0950759442651,
      "latency_min": 1945.4824559943518,
      "latency_p50": 1947.0289629898616,
      "latency_p95": 2133.5246122536773,
      "latency_p99": 2133.9460462206625,
      "latency_max": 2134.011381000164,
      "latency_avg": 2001.9947281093664,
      "ttft_p50": 100.95705734021504,
      "ttft_p95": 110.62720211685733,
      "ttft_avg": 103.8071340501153
    }
  ]
}