{
  "timestamp": "2026-01-10T20:37:37.976858",
  "label": "p2048_d1024_t0",
  "config": {
    "host": "127.0.0.1",
    "port": 30080,
    "max_tokens": 256,
    "requests_per_level": 64,
    "prompt_length": 82
  },
  "results": [
    {
      "concurrency": 1,
      "num_requests": 64,
      "successful_requests": 64,
      "failed_requests": 0,
      "total_time_sec": 63.41358999100339,
      "total_tokens": 16384,
      "requests_per_sec": 1.0092473870203502,
      "tokens_per_sec_total": 258.36733107720966,
      "tokens_per_sec_per_request": 258.43905101407,
      "latency_min": 987.3147559992503,
      "latency_p50": 988.2972000050358,
      "latency_p95": 989.2752796571585,
      "latency_p99": 1058.5688215984553,
      "latency_max": 1095.6477110012202,
      "latency_avg": 990.7573745790614,
      "ttft_p50": 51.24504000026111,
      "ttft_p95": 51.29575524148229,
      "ttft_avg": 51.37260460780318
    },
    {
      "concurrency": 4,
      "num_requests": 64,
      "successful_requests": 64,
      "failed_requests": 0,
      "total_time_sec": 23.424975292000454,
      "total_tokens": 16384,
      "requests_per_sec": 2.7321266811263523,
      "tokens_per_sec_total": 699.4244303683462,
      "tokens_per_sec_per_request": 174.89501684945685,
      "latency_min": 1458.8714529963909,
      "latency_p50": 1460.4595315031474,
      "latency_p95": 1509.7027945485024,
      "latency_p99": 1518.2767478277674,
      "latency_max": 1518.3081130089704,
      "latency_avg": 1463.8657792193044,
      "ttft_p50": 75.72753126312617,
      "ttft_p95": 78.28088564325569,
      "ttft_avg": 75.90415151507504
    },
    {
      "concurrency": 16,
      "num_requests": 64,
      "successful_requests": 64,
      "failed_requests": 0,
      "total_time_sec": 5.431993310994585,
      "total_tokens": 16384,
      "requests_per_sec": 11.78204690908976,
      "tokens_per_sec_total": 3016.2040087269784,
      "tokens_per_sec_per_request": 188.65620128635936,
      "latency_min": 1352.4893980065826,
      "latency_p50": 1354.3500080049853,
      "latency_p95": 1366.1619254409743,
      "latency_p99": 1366.4917687459092,
      "latency_max": 1366.6396940097911,
      "latency_avg": 1356.9863739676293,
      "ttft_p50": 70.22555597062888,
      "ttft_p95": 70.83802576360607,
      "ttft_avg": 70.36225642795115
    },
    {
      "concurrency": 64,
      "num_requests": 64,
      "successful_requests": 64,
      "failed_requests": 0,
      "total_time_sec": 2.1118876580003416,
      "total_tokens": 16384,
      "requests_per_sec": 30.304642274674276,
      "tokens_per_sec_total": 7757.988422316615,
      "tokens_per_sec_per_request": 129.3264317122006,
      "latency_min": 1924.6486449992517,
      "latency_p50": 1926.8327905010665,
      "latency_p95": 2107.8546785494837,
      "latency_p99": 2108.095624951384,
      "latency_max": 2108.2962849905016,
      "latency_avg": 1982.9261686720656,
      "ttft_p50": 99.90984839635159,
      "ttft_p95": 109.29616851738064,
      "ttft_avg": 102.81839393114414
    }
  ]
}