{
  "timestamp": "2026-01-10T20:42:37.044110",
  "label": "p2048_d1024_t8",
  "config": {
    "host": "127.0.0.1",
    "port": 30080,
    "max_tokens": 256,
    "requests_per_level": 64,
    "prompt_length": 82
  },
  "results": [
    {
      "concurrency": 1,
      "num_requests": 64,
      "successful_requests": 64,
      "failed_requests": 0,
      "total_time_sec": 63.240846205997514,
      "total_tokens": 16384,
      "requests_per_sec": 1.0120041688172492,
      "tokens_per_sec_total": 259.0730672172158,
      "tokens_per_sec_per_request": 259.13352319453884,
      "latency_min": 985.4858879989479,
      "latency_p50": 986.3705734969699,
      "latency_p95": 987.5551119934244,
      "latency_p99": 1024.381962384068,
      "latency_max": 1086.806629988132,
      "latency_avg": 988.0506799365776,
      "ttft_p50": 51.14514084799103,
      "ttft_p95": 51.206561362622004,
      "ttft_avg": 51.232257478192906
    },
    {
      "concurrency": 4,
      "num_requests": 64,
      "successful_requests": 64,
      "failed_requests": 0,
      "total_time_sec": 23.329633546993136,
      "total_tokens": 16384,
      "requests_per_sec": 2.7432921254885594,
      "tokens_per_sec_total": 702.2827841250712,
      "tokens_per_sec_per_request": 175.60760993127369,
      "latency_min": 1456.3359919993673,
      "latency_p50": 1457.8774545007036,
      "latency_p95": 1458.972215643007,
      "latency_p99": 1459.3508603406372,
      "latency_max": 1459.3608030118048,
      "latency_avg": 1457.7959317343812,
      "ttft_p50": 75.59364578892537,
      "ttft_p95": 75.65041118148926,
      "ttft_avg": 75.58941868252346
    },
    {
      "concurrency": 16,
      "num_requests": 64,
      "successful_requests": 64,
      "failed_requests": 0,
      "total_time_sec": 5.416567384003429,
      "total_tokens": 16384,
      "requests_per_sec": 11.815601184803702,
      "tokens_per_sec_total": 3024.7939033097477,
      "tokens_per_sec_per_request": 189.114123204928,
      "latency_min": 1346.9473289878806,
      "latency_p50": 1350.55920349987,
      "latency_p95": 1365.2128909976454,
      "latency_p99": 1365.4502353926364,
      "latency_max": 1365.4735120071564,
      "latency_avg": 1353.7129521102997,
      "ttft_p50": 70.0289957370303,
      "ttft_p95": 70.78881657024829,
      "ttft_avg": 70.19252344275628
    },
    {
      "concurrency": 64,
      "num_requests": 64,
      "successful_requests": 64,
      "failed_requests": 0,
      "total_time_sec": 1.8338450890005333,
      "total_tokens": 16384,
      "requests_per_sec": 34.899349123802345,
      "tokens_per_sec_total": 8934.2333756934,
      "tokens_per_sec_per_request": 139.8501907196729,
      "latency_min": 1827.3718580021523,
      "latency_p50": 1830.694673502876,
      "latency_p95": 1832.7286391097005,
      "latency_p99": 1833.4091340732994,
      "latency_max": 1833.516034996137,
      "latency_avg": 1830.5312778429652,
      "ttft_p50": 94.92490899644542,
      "ttft_p95": 95.03037387976224,
      "ttft_avg": 94.91643662889449
    }
  ]
}