{
  "timestamp": "2026-01-10T20:55:04.593079",
  "label": "p2048_d2048_t16",
  "config": {
    "host": "127.0.0.1",
    "port": 30080,
    "max_tokens": 256,
    "requests_per_level": 64,
    "prompt_length": 82
  },
  "results": [
    {
      "concurrency": 1,
      "num_requests": 64,
      "successful_requests": 64,
      "failed_requests": 0,
      "total_time_sec": 63.10130106599536,
      "total_tokens": 16384,
      "requests_per_sec": 1.0142421617117645,
      "tokens_per_sec_total": 259.6459933982117,
      "tokens_per_sec_per_request": 259.6682109925488,
      "latency_min": 984.1631930030417,
      "latency_p50": 985.5213690025266,
      "latency_p95": 987.6500821454101,
      "latency_p99": 991.0206088564883,
      "latency_max": 995.1610809948761,
      "latency_avg": 985.8755857956112,
      "ttft_p50": 51.10110802235323,
      "ttft_p95": 51.211485740873115,
      "ttft_avg": 51.11947481903169
    },
    {
      "concurrency": 4,
      "num_requests": 64,
      "successful_requests": 64,
      "failed_requests": 0,
      "total_time_sec": 23.306514558993513,
      "total_tokens": 16384,
      "requests_per_sec": 2.7460133448097968,
      "tokens_per_sec_total": 702.979416271308,
      "tokens_per_sec_per_request": 175.76367324678426,
      "latency_min": 1454.492022996419,
      "latency_p50": 1456.3064745016163,
      "latency_p95": 1457.927963444672,
      "latency_p99": 1458.4441815780883,
      "latency_max": 1458.4463450009935,
      "latency_avg": 1456.5018272505768,
      "ttft_p50": 75.51218756675047,
      "ttft_p95": 75.59626477120523,
      "ttft_avg": 75.52231696854842
    },
    {
      "concurrency": 16,
      "num_requests": 64,
      "successful_requests": 64,
      "failed_requests": 0,
      "total_time_sec": 5.394406236009672,
      "total_tokens": 16384,
      "requests_per_sec": 11.864141705305052,
      "tokens_per_sec_total": 3037.2202765580932,
      "tokens_per_sec_per_request": 189.91307827540308,
      "latency_min": 1345.1109449961223,
      "latency_p50": 1346.009156499349,
      "latency_p95": 1354.3973343046673,
      "latency_p99": 1354.751383617986,
      "latency_max": 1354.9517399951583,
      "latency_avg": 1347.994535638918,
      "ttft_p50": 69.79306737404032,
      "ttft_p95": 70.22800992690867,
      "ttft_avg": 69.896012959055
    },
    {
      "concurrency": 64,
      "num_requests": 64,
      "successful_requests": 64,
      "failed_requests": 0,
      "total_time_sec": 1.8323067479941528,
      "total_tokens": 16384,
      "requests_per_sec": 34.92864940330626,
      "tokens_per_sec_total": 8941.734247246402,
      "tokens_per_sec_per_request": 139.9859367688281,
      "latency_min": 1826.208009995753,
      "latency_p50": 1829.0649499904248,
      "latency_p95": 1831.006374303979,
      "latency_p99": 1831.4599883614574,
      "latency_max": 1831.7783450038405,
      "latency_avg": 1828.7562735313259,
      "ttft_p50": 94.84040481431832,
      "ttft_p95": 94.94107126020631,
      "ttft_avg": 94.82439936829097
    }
  ]
}