{
  "timestamp": "2026-01-10T20:40:07.668313",
  "label": "p2048_d1024_t4",
  "config": {
    "host": "127.0.0.1",
    "port": 30080,
    "max_tokens": 256,
    "requests_per_level": 64,
    "prompt_length": 82
  },
  "results": [
    {
      "concurrency": 1,
      "num_requests": 64,
      "successful_requests": 64,
      "failed_requests": 0,
      "total_time_sec": 63.13470043099369,
      "total_tokens": 16384,
      "requests_per_sec": 1.013705609800938,
      "tokens_per_sec_total": 259.50863610904014,
      "tokens_per_sec_per_request": 259.53266475489664,
      "latency_min": 985.1667579932837,
      "latency_p50": 986.1778069971479,
      "latency_p95": 987.4728004040662,
      "latency_p99": 990.4740523158398,
      "latency_max": 994.9781339964829,
      "latency_avg": 986.3899023273461,
      "ttft_p50": 51.13514554800026,
      "ttft_p95": 51.20229335428491,
      "ttft_avg": 51.14614308364017
    },
    {
      "concurrency": 4,
      "num_requests": 64,
      "successful_requests": 64,
      "failed_requests": 0,
      "total_time_sec": 23.36848508399271,
      "total_tokens": 16384,
      "requests_per_sec": 2.738731234393952,
      "tokens_per_sec_total": 701.1151960048517,
      "tokens_per_sec_per_request": 175.31878884189223,
      "latency_min": 1455.5698399926769,
      "latency_p50": 1457.1320670002024,
      "latency_p95": 1500.3938093912438,
      "latency_p99": 1508.1520061573246,
      "latency_max": 1508.2685359957395,
      "latency_avg": 1460.2983923580268,
      "ttft_p50": 75.55499606667715,
      "ttft_p95": 77.79819752399042,
      "ttft_avg": 75.71917590004584
    },
    {
      "concurrency": 16,
      "num_requests": 64,
      "successful_requests": 64,
      "failed_requests": 0,
      "total_time_sec": 5.410954663995653,
      "total_tokens": 16384,
      "requests_per_sec": 11.827857369764022,
      "tokens_per_sec_total": 3027.9314866595896,
      "tokens_per_sec_per_request": 189.41289049383641,
      "latency_min": 1345.7055510079954,
      "latency_p50": 1348.9431225025328,
      "latency_p95": 1362.7988053995068,
      "latency_p99": 1363.133035708015,
      "latency_max": 1363.319063995732,
      "latency_avg": 1351.579266922272,
      "ttft_p50": 69.94519894457576,
      "ttft_p95": 70.6636417614559,
      "ttft_avg": 70.08188791448818
    },
    {
      "concurrency": 64,
      "num_requests": 64,
      "successful_requests": 64,
      "failed_requests": 0,
      "total_time_sec": 2.154178710989072,
      "total_tokens": 16384,
      "requests_per_sec": 29.709698491363778,
      "tokens_per_sec_total": 7605.682813789127,
      "tokens_per_sec_per_request": 126.48469805601822,
      "latency_min": 1999.942515991279,
      "latency_p50": 2002.8811640004278,
      "latency_p95": 2149.2147045995807,
      "latency_p99": 2149.350155430002,
      "latency_max": 2149.3707810004707,
      "latency_avg": 2025.2946371870166,
      "ttft_p50": 103.85309739261477,
      "ttft_p95": 111.440762460719,
      "ttft_avg": 105.01527748377123
    }
  ]
}